"","beta","fdr","tps","pow"
"1",1,0.435386904761905,0.0946130952380952,0.06
"2",2,0.397169408369408,0.196830591630592,0.16
"3",3,0.351474206349206,0.349525793650794,0.373
"4",4,0.262118506493506,0.543881493506494,0.608
"5",5,0.212729401154401,0.696270598845599,0.81
"6",6,0.17476240981241,0.78523759018759,0.923
"7",7,0.149135056610057,0.838864943389943,0.978
"8",8,0.149107431457431,0.847892568542569,0.991
"9",9,0.134163780663781,0.864836219336219,0.997
"10",10,0.130897294372294,0.869102705627706,1
"11",11,0.11962904040404,0.88037095959596,1
"12",12,0.115884199134199,0.884115800865801,1
"13",13,0.124182395382395,0.875817604617605,1
"14",14,0.120222258297258,0.879777741702742,1
"15",15,0.129019444444444,0.870980555555556,1
"16",16,0.11871176046176,0.88128823953824,1
"17",17,0.115790331890332,0.884209668109668,1
"18",18,0.119384776334776,0.880615223665224,1
"19",19,0.117204256854257,0.882795743145743,1
"20",20,0.120242316017316,0.879757683982684,1
